EmployeeID,Name,Age,City,Department,Salary,JoinDate,Email,PerformanceRating
85,Sara Ali,50.0,peshawar,Finance,37654.7,2022-04-03,sara.ali@example.com,2.1
,,,,,,,,
299,Ali Javed,32.0,multan,HR,96309.61,11-Jul-2020,ALI.JAVED@EXAMPLE.COM,4.8
288,Noor Raza,28.0,Pindi,Finance,87658.83,25/03/2022,noor.raza@example.com,3.0
100,Ali Shah,16.0,peshawar,Marketing,48996.14,10-15-2021,ali.shah@example.com,3.5
276,Faisal Raza,42.0,Pindi,Engineering,57324.44,03-29-2022,faisal.raza@example.com,2.2
142,Zara Butt,40.0,LAHORE,Marketing,38797.37,16/02/2021,zara.butt@example.com,1.3
119,Omar Ansari,34.0,islamabad,Support,72397.14,16/12/2022,omar.ansari@example.com,4.8
,,,,,,,,
31,Ayesha Baig,25.0,islamabad,HR,64964.86,13-Jan-2023,ayesha.baig@example.com,4.7
123,Tariq Chaudhry,31.0,Faisalabad,HR,,2021-08-25,tariq.chaudhry@example.com,1.2
67,Noor Shah,24.0,Islamabad,Finance,58683.79,07-18-2021,noor.shah@example.com,4.9
284,Tariq Farooq,17.0,Isl'abad,Support,97882.7,27/06/2020,tariq.farooq@example.com,1.4
171,Tariq Farooq,27.0,rawalpindi,Finance,59142.54,11-23-2022,tariq.farooq@example.com,1.7
75,Bilal Malik,33.0,Karachi,Sales,82706.35,02-24-2022,bilal.malik@example.com,3.3
273,Usman Dar,17.0,Lahore ,Marketing,49408.46,14-Sep-2021,usman.dar@example.com,3.1
71,Ahmed Butt,23.0,LAHORE,Sales,84649.45,2021-05-12,ahmed.butt@example.com,4.8
139,Danish Siddiqui,49.0,KARACHI,finance,59653.05,30/05/2019,danish.siddiqui@example.com,3.3
218,Ali Malik,23.0,Multan,Marketing,58659.97,19/10/2022,,4.0
300,Fatima Shah,41.0,multan,Sales,3066568.0,01-Dec-2020,fatima.shah@example.com,2.6
164,Danish Dar,39.0,Isl'abad,Marketing,81614.01,05-03-2020,danish.dar@example.com,4.8
255,Bilal Shah,37.0,Isl'abad,Marketing,83885.27,2021-05-18,bilal.shah@example.com,4.3
189,Sara Butt,20.0,Multan,Engineering,86259.38,2023-03-12,sara.butt@example.com,1.4
177,Usman Ansari,29.0,Quetta,HR,28961.58,05-29-2021,usman.ansari@example.com,3.5
149,Fatima Awan,19.0,FSD,Support,63012.5,2022-11-12,fatima.awan@example.com,1.2
160,Hina Khan,28.0,Quetta,Support,68153.83,09-30-2020,hina.khan@example.com,1.1
58,Danish Shah,42.0,Quetta,HR,57657.08,06-26-2020,danish.shah@example.com,4.6
95,Amna Mirza,46.0,Rawalpindi,Support,83099.63,2021-07-25,amna.mirza@example.com,11.5
38,Ayesha Iqbal,28.0,Multan,HR,69217.26,04/01/2023,ayesha.iqbal@example.com,2.4
98,Omar Butt,30.0,LAHORE,HR,112440.11,07/09/2021,omar.butt@example.com,1.4
4,Mariam Malik,27.0,Faisalabad,Engineering,64496.6,2020-06-30,mariam.malik@example.com,1.7
177,Usman Ansari,29.0,Quetta,HR,28961.58,05-29-2021,usman.ansari@example.com,3.5
289,Faisal Raza,35.0,Isl'abad,Support,79153.75,01-15-2023,faisal.raza@example.com,1.7
16,Sana Butt,23.0,faisalabad,Engineering,43334.12,11-Apr-2022,sana.butt@example.com,2.1
295,Mariam Baig,33.0,Islamabad,Engineering,65425.03,08-14-2021,mariam.baig@example.com,2.4
66,Hina Farooq,25.0,Pindi,Finance,,03/06/2022,hina.farooq@example.com,2.5
126,Iqra Mirza,36.0,Quetta,Marketing,102157.62,08-20-2022,IQRA.MIRZA@EXAMPLE.COM,1.4
239,Sana Iqbal,46.0,karachi,Finance,97531.3,05/04/2021,sana.iqbal@example.com,1.1
15,Zara Iqbal,37.0,rawalpindi,Sales,78427.37,27-Jun-2020,zara.iqbal@example.com,1.4
103,Sara Butt,24.0,Karachi,Finance,84242.07,07-10-2021,sara.butt@example.com,1.3
237,Sana Sheikh,30.0,karachi,Support,,03/03/2023,sana.sheikh@example.com,3.0
91,Amna Javed,15.0,Quetta,Marketing,78729.09,23-Apr-2024,amna.javed@example.com,4.2
221,Omar Farooq,29.0,multan,Finance,,16/10/2020,omar.farooq@example.com,4.2
174,Fatima Farooq,36.0,KARACHI,Sales,99092.7,17/09/2020,fatima.farooq@example.com,1.3
90,Kamran Ali,51.0,Peshawar,Finance,111868.28,06-Dec-2019,kamran.ali@example.com,3.5
182,Zara Malik,30.0,Rawalpindi,Support,74044.18,26/01/2019,zara.malik@example.com,2.3
99,Mariam Raza,6.0,lahore,Finance,54512.25,16/03/2019,mariam.raza@example.com,1.7
87,Fatima Siddiqui,28.0,peshawar,Support,,05-15-2019,fatima.siddiqui@example.com,1.5
3,Hina Siddiqui,44.0,Multan,Finance,90348.69,07-11-2022,hina.siddiqui@example.com,1.1
151,Zara Malik,32.0,karachi,Engineering,75939.61,2019-07-07,zara.malik@example.com,4.1
293,Faisal Farooq,39.0,quetta,Sales,64679.11,04-25-2020,faisal.farooq@example.com,1.1
89,Kamran Malik,26.0,Pindi,HR,79329.17,09/10/2019,kamran.malik@example.com,1.2
109,Mariam Malik,27.0,Multan,Finance,91992.04,05/08/2022,mariam.malik@example.com,1.5
267,Omar Shah,33.0,multan,Finance,71320.33,2023-09-08,omar.shah@example.com,4.9
231,Ahmed Javed,24.0,Pindi,HR,72484.26,2019-08-03,ahmed.javed@example.com,4.9
194,Ali Malik,33.0,Lahore,Engineering,80471.55,13-Apr-2024,ali.malik@example.com,2.0
217,Hamza Farooq,33.0,peshawar,Engineering,,02/07/2021,hamza.farooq@example.com,1.6
148,Ali Ali,34.0,KARACHI,engineering,,29/02/2020,ali.ali@example.com,2.9
296,Tariq Dar,29.0,quetta,Finance,77699.69,03-Jul-2019,tariq.dar@example.com,11.5
61,Zara Sheikh,34.0,Islamabad,HR,,19/10/2022,zara.sheikh@example.com,1.0
172,Bilal Baig,20.0,Peshawar,HR,71169.34,08-24-2023,bilal.baig@example.com,2.5
74,Iqra Raza,24.0,rawalpindi,Support,64740.69,05-24-2021,iqra.raza@example.com,3.2
238,Amna Shah,38.0,Pindi,Marketing,71855.72,,amna.shah@example.com,2.4
169,Tariq Siddiqui,31.0,Rawalpindi,Finance,94102.85,29/07/2020,tariq.siddiqui@example.com,3.7
264,Tariq Awan,,Pindi,Finance,74380.83,07/05/2023,tariq.awan@example.com,4.2
81,Hina Malik,,Pindi,Finance,152054.63,08-Apr-2021,hina.malik@example.com,4.2
154,Sana Dar,40.0,faisalabad,Finance,105827.42,11-01-2023,sana.dar@example.com,2.4
130,Kamran Baig,26.0,Peshawar,Marketing,102202.23,03/11/2019,kamran.baig@example.com,1.3
82,Amna Baig,42.0,Peshawar,Sales,94764.05,09-27-2020,amna.baig@example.com,4.2
19,Bilal Chaudhry,26.0,peshawar,Support,87233.53,09-29-2022,bilal.chaudhry@example.com,1.0
114,Sara Javed,,quetta,Engineering,98238.75,14-Apr-2023,sara.javed@example.com,4.7
195,Sana Khan,36.0,Pindi,HR,55448.9,12/03/2019,sana.khan@example.com,4.7
254,Sara Hussain,29.0,Rawalpindi,Engineering,70415.68,07-Nov-2021,sara.hussain@example.com,2.0
56,Mariam Awan,29.0,Quetta,HR,70882.67,21/10/2020,mariam.awan@example.com,4.6
133,Noor Siddiqui,34.0,rawalpindi,Support,58455.38,09-30-2019,noor.siddiqui@example.com,4.0
287,Kamran Baig,150.0,Peshawar,Engineering,96615.61,22/06/2020,kamran.baig@example.com,3.8
213,Ayesha Shah,34.0,karachi,Support,70617.99,,ayesha.shah@example.com,2.5
156,Faisal Siddiqui,32.0,KARACHI,Sales,106025.26,03/08/2021,faisal.siddiqui@example.com,4.4
285,Ayesha Shah,31.0,KARACHI,Sales,4370672.0,01-30-2021,ayesha.shah@example.com,1.7
185,Zara Ali,31.0,quetta,Finance,104598.88,02-Jan-2023,zara.ali@example.com,1.3
23,Fatima Ansari,23.0,lahore,Support,51075.87,30/06/2020,fatima.ansari@example.com,3.9
203,Tariq Shah,36.0,Quetta,Support,103831.37,07-01-2019,tariq.shah@example.com,2.9
112,Faisal Butt,36.0,Peshawar,Sales,60797.44,20-Apr-2024,faisal.butt@example.com,4.2
140,Hamza Hussain,31.0,Multan,HR,94526.18,25/11/2022,hamza.hussain@example.com,3.5
241,Iqra Raza,29.0,quetta,Finance,52869.48,13-May-2022,iqra.raza@example.com,1.3
127,Hamza Iqbal,33.0,rawalpindi,Marketing,64861.14,,hamza.iqbal@example.com,1.3
245,Amna Dar,31.0,peshawar,HR,64131.5,06-10-2024,amna.dar@example.com,3.3
175,Bilal Butt,,FSD,HR,70580.61,2021-09-05,bilal.butt@example.com,4.2
105,Sana Raza,32.0,Karachi,Sales,88242.61,06-04-2024,sana.raza@example.com,2.6
115,Iqra Javed,30.0,karachi,Support,96975.54,2019-09-21,iqra.javed@example.com,4.0
74,Iqra Raza,24.0,rawalpindi,Support,64740.69,05-24-2021,iqra.raza@example.com,3.2
92,Fatima Raza,28.0,islamabad,Support,41617.35,2023-10-10,fatima.raza@example.com,1.3
214,Faisal Ali,,rawalpindi,engineering,76912.41,08-02-2023,faisal.ali@example.com,3.5
271,Sana Iqbal,34.0,faisalabad,Support,94653.82,12-10-2019,sana.iqbal@example.com,3.4
123,Tariq Chaudhry,31.0,Faisalabad,HR,,2021-08-25,tariq.chaudhry@example.com,1.2
116,Usman Raza,,Pindi,Finance,80232.46,26/05/2022,usman.raza@example.com,4.6
180,Sana Malik,,Lahore,Finance,76589.65,30-Dec-2022,sana.malik@example.com,2.8
263,Iqra Shah,27.0,Isl'abad,Finance,82982.72,2023-02-11,iqra.shah@example.com,4.5
25,Iqra Hussain,34.0,Lahore,Sales,62097.6,06-08-2021,iqra.hussain@example.com,4.0
102,Hina Dar,32.0,rawalpindi,HR,121959.94,29/06/2023,hina.dar@example.com,4.4
266,Usman Sheikh,49.0,Peshawar,Sales,88445.15,11-26-2021,usman.sheikh@example.com,2.0
229,Sana Siddiqui,47.0,Faisalabad,Support,101908.4,2020-03-08,sana.siddiqui@example.com,2.7
63,Sara Dar,22.0,quetta,Marketing,88131.07,20/10/2022,sara.dar@example.com,3.8
292,Danish Butt,41.0,Isl'abad,Sales,73391.68,04/12/2020,danish.butt@example.com,4.4
79,Danish Ansari,20.0,quetta,Sales,56243.5,21-Oct-2022,danish.ansari@example.com,4.2
146,Faisal Malik,31.0,peshawar,Sales,69355.58,2023-10-24,faisal.malik@example.com,4.2
51,Tariq Khan,23.0,Multan,Engineering,84471.85,13-Apr-2022,tariq.khan@example.com,3.8
300,Fatima Shah,41.0,multan,Sales,3066568.0,01-Dec-2020,fatima.shah@example.com,2.6
223,Iqra Iqbal,38.0,Multan,Marketing,102112.76,01-17-2024,iqra.iqbal@example.com,3.8
,,,,,,,,
155,Amna Butt,34.0,multan,HR,60030.27,19-Aug-2020,amna.butt@example.com,3.1
53,Ahmed Rana,25.0,quetta,HR,68558.77,02-21-2020,ahmed.rana@example.com,4.7
270,Kamran Ali,48.0,Islamabad,Finance,89351.83,12-05-2023,kamran.ali@example.com,4.3
208,Hamza Iqbal,29.0,Multan,Support,68618.86,07-Aug-2022,hamza.iqbal@example.com,4.3
62,Noor Farooq,33.0,quetta,Finance,50662.9,,noor.farooq@example.com,11.5
294,Ayesha Shah,,karachi,Sales,85020.67,19/06/2022,ayesha.shah@example.com,1.5
242,Zara Khan,32.0,peshawar,Support,78165.12,11/01/2024,zara.khan@example.com,3.4
269,Ayesha Chaudhry,33.0,rawalpindi,Marketing,55432.54,2021-04-21,ayesha.chaudhry@example.com,2.1
29,Mariam Mirza,30.0,Peshawar,Marketing,82142.25,05/04/2019,mariam.mirza@example.com,2.6
70,Hamza Malik,20.0,FSD,finance,74309.41,25/10/2023,hamza.malik@example.com,3.9
37,Bilal Ali,,lahore,Support,70308.26,25/04/2024,bilal.ali@example.com,2.7
41,Bilal Farooq,16.0,Quetta,HR,74469.72,08-Jan-2020,bilal.farooq@example.com,2.1
290,Faisal Shah,38.0,Islamabad,Support,77676.95,01-09-2021,faisal.shah@example.com,11.5
209,Ali Baig,34.0,quetta,Support,116508.02,09-30-2022,ali.baig@example.com,2.4
12,Ahmed Malik,,lahore,Engineering,74889.44,14/03/2020,ahmed.malik@example.com,4.6
187,Danish Khan,23.0,Peshawar,Engineering,71193.23,07/10/2021,danish.khan@example.com,2.1
17,Bilal Iqbal,28.0,KARACHI,Finance,96142.44,2022-05-02,bilal.iqbal@example.com,2.1
265,Mariam Butt,29.0,Quetta,Finance,73861.09,31/03/2023,mariam.butt@example.com,2.1
262,Hina Hussain,150.0,Rawalpindi,Engineering,64101.56,10-03-2019,hina.hussain@example.com,4.8
128,Omar Javed,36.0,LAHORE,Engineering,92450.83,11-06-2022,omar.javed@example.com,1.3
47,Zara Mirza,36.0,rawalpindi,Finance,118809.11,2022-06-02,zara.mirza@example.com,1.4
283,Zara Chaudhry,37.0,peshawar,Marketing,4722554.5,03-28-2021,zara.chaudhry@example.com,2.1
277,Ayesha Chaudhry,24.0,Quetta,Finance,127647.64,2022-12-18,,3.7
129,Zara Chaudhry,20.0,islamabad,Finance,46850.72,01/04/2023,zara.chaudhry@example.com,4.3
8,Iqra Farooq,26.0,Peshawar,Support,4347720.5,22/10/2021,iqra.farooq@example.com,3.1
279,Sana Baig,27.0,lahore,Finance,77440.2,01/12/2022,sana.baig@example.com,3.0
236,Sara Iqbal,19.0,karachi,Finance,69785.3,2021-01-04,sara.iqbal@example.com,2.8
268,Hina Siddiqui,,quetta,Marketing,77016.35,08-10-2022,hina.siddiqui@example.com,2.1
224,Noor Hussain,18.0,peshawar,Support,,2024-04-17,noor.hussain@example.com,2.4
9,Kamran Dar,27.0,Faisalabad,Sales,77218.45,2021-09-27,kamran.dar@example.com,3.4
28,Iqra Khan,20.0,multan,HR,95849.83,13-Mar-2020,iqra.khan@example.com,3.0
282,Ali Rana,19.0,multan,HR,66992.37,2024-01-11,ali.rana@example.com,4.3
59,Iqra Qureshi,,peshawar,Engineering,81928.96,2023-03-10,iqra.qureshi@example.com,3.6
215,Zara Butt,20.0,multan,Sales,97875.08,08-Mar-2020,zara.butt@example.com,1.6
173,Omar Ali,47.0,Lahore,Marketing,3785263.5,02-Jan-2019,omar.ali@example.com,1.2
249,Iqra Qureshi,20.0,FSD,HR,59443.67,05-13-2024,iqra.qureshi@example.com,3.6
161,Danish Baig,40.0,Peshawar,Support,39825.21,27/06/2023,danish.baig@example.com,2.6
32,Sana Baig,36.0,Multan,Marketing,98163.73,06-08-2019,sana.baig@example.com,4.5
2,Iqra Ansari,23.0,faisalabad,Support,4068902.0,23/07/2020,iqra.ansari@example.com,1.6
178,Amna Dar,26.0,Multan,Finance,31157.4,03-13-2021,amna.dar@example.com,4.0
14,Hamza Raza,54.0,Quetta,HR,98872.79,2023-10-20,hamza.raza@example.com,1.7
10,Zara Ali,27.0,FSD,Finance,93948.8,20-Sep-2019,zara.ali@example.com,1.4
147,Ahmed Iqbal,18.0,karachi,Sales,102077.45,2024-02-26,ahmed.iqbal@example.com,4.9
298,Hamza Ansari,38.0,rawalpindi,Marketing,80660.64,14/05/2021,hamza.ansari@example.com,3.5
96,Kamran Awan,35.0,FSD,HR,108027.02,2022-09-30,kamran.awan@example.com,3.4
35,Faisal Iqbal,26.0,Quetta,support,68446.76,09-Aug-2022,faisal.iqbal@example.com,1.9
97,Kamran Rana,,Lahore ,support,65315.32,2023-06-03,kamran.rana@example.com,2.4
267,Omar Shah,33.0,multan,Finance,71320.33,2023-09-08,omar.shah@example.com,4.9
227,Sana Qureshi,32.0,Lahore,Finance,89515.33,2022-10-17,sana.qureshi@example.com,3.8
211,Amna Butt,15.0,karachi,Marketing,54838.27,10-Jun-2019,amna.butt@example.com,2.9
256,Noor Malik,45.0,Islamabad,Engineering,,23/03/2022,noor.malik@example.com,1.8
207,Mariam Javed,34.0,Faisalabad,engineering,66762.46,06-29-2019,mariam.javed@example.com,1.8
46,Sana Shah,25.0,karachi,Finance,102680.31,24/06/2019,sana.shah@example.com,3.5
162,Omar Rana,39.0,rawalpindi,HR,72258.44,19/02/2023,,2.4
228,Usman Shah,33.0,Pindi,Engineering,83842.33,12-01-2021,usman.shah@example.com,1.6
33,Usman Chaudhry,27.0,Pindi,HR,85265.35,28-Feb-2020,usman.chaudhry@example.com,11.5
78,Kamran Raza,38.0,rawalpindi,Finance,96323.97,2023-12-15,kamran.raza@example.com,3.8
250,Danish Chaudhry,29.0,Peshawar,Support,73608.2,25/05/2024,danish.chaudhry@example.com,1.6
134,Zara Khan,35.0,LAHORE,Marketing,76777.46,09/12/2020,zara.khan@example.com,2.5
145,Ahmed Mirza,999.0,multan,Sales,111629.18,09/12/2021,ahmed.mirza@example.com,4.7
157,Noor Sheikh,48.0,Isl'abad,HR,110106.82,09-May-2022,noor.sheikh@example.com,4.5
64,Danish Ali,25.0,Peshawar,Marketing,52391.44,11-30-2023,danish.ali@example.com,4.0
83,Kamran Mirza,29.0,faisalabad,Sales,90179.38,09/02/2020,kamran.mirza@example.com,2.5
107,Bilal Javed,30.0,Pindi,Sales,86766.34,2020-10-11,bilal.javed@example.com,4.8
243,Ali Dar,32.0,Faisalabad,Marketing,74517.5,09-Aug-2019,ali.dar@example.com,1.8
297,Kamran Butt,,peshawar,HR,78931.1,18-Apr-2023,kamran.butt@example.com,2.3
42,Ali Rana,32.0,lahore,Support,66347.81,28-Dec-2022,ALI.RANA@EXAMPLE.COM,3.0
222,Noor Qureshi,28.0,Pindi,Support,63947.08,06-Nov-2022,noor.qureshi@example.com,3.9
165,Amna Butt,18.0,rawalpindi,Marketing,73889.05,09-29-2021,amna.butt@example.com,2.8
110,Amna Hussain,39.0,Lahore,Marketing,104051.0,2021-05-03,amna.hussain@example.com,4.5
190,Tariq Awan,28.0,Lahore ,HR,62480.14,02-15-2023,tariq.awan@example.com,1.6
235,Bilal Siddiqui,21.0,Peshawar,Support,49098.42,27-Jun-2023,bilal.siddiqui@example.com,4.0
122,Usman Javed,38.0,LAHORE,Support,88341.12,02-18-2020,usman.javed@example.com,4.2
52,Omar Hussain,36.0,Karachi,finance,71781.25,06-30-2019,omar.hussain@example.com,1.6
57,Noor Ali,34.0,peshawar,Support,90636.46,2021-10-11,noor.ali@example.com,2.4
259,Hina Khan,27.0,Islamabad,Sales,95980.18,03-13-2023,hina.khan@example.com,2.0
159,Faisal Hussain,-5.0,Rawalpindi,Support,102372.63,07-01-2021,faisal.hussain@example.com,3.8
86,Sana Mirza,28.0,Islamabad,Sales,76603.97,2019-12-20,sana.mirza@example.com,1.1
121,Zara Javed,23.0,Multan,Support,50716.23,07-Sep-2019,zara.javed@example.com,3.7
214,Faisal Ali,,rawalpindi,engineering,76912.41,08-02-2023,faisal.ali@example.com,3.5
128,Omar Javed,36.0,LAHORE,Engineering,92450.83,11-06-2022,omar.javed@example.com,1.3
200,Ahmed Hussain,22.0,Faisalabad,sales,80354.85,16/04/2022,ahmed.hussain@example.com,2.9
278,Usman Sheikh,32.0,Rawalpindi,HR,,03-31-2021,usman.sheikh@example.com,1.9
226,Fatima Hussain,33.0,Lahore,Marketing,127871.43,2023-04-13,fatima.hussain@example.com,3.4
88,Amna Butt,44.0,Peshawar,Support,77571.02,2019-09-22,amna.butt@example.com,1.9
166,Hina Khan,31.0,Quetta,HR,83062.39,01-May-2021,hina.khan@example.com,2.3
,,,,,,,,
246,Kamran Javed,43.0,Peshawar,Support,21812.97,25/12/2022,kamran.javed@example.com,2.8
106,Mariam Iqbal,27.0,islamabad,hr,117226.35,02-08-2022,mariam.iqbal@example.com,3.2
77,Iqra Dar,-5.0,LAHORE,Sales,52140.59,21-Oct-2019,iqra.dar@example.com,4.5
183,Ali Iqbal,26.0,Peshawar,Sales,53369.04,05-29-2021,ali.iqbal@example.com,1.5
50,Danish Javed,32.0,rawalpindi,HR,,,danish.javed@example.com,1.9
233,Tariq Sheikh,30.0,Islamabad,Support,66462.38,08-29-2020,tariq.sheikh@example.com,4.2
6,Sana Qureshi,38.0,Quetta,Finance,44522.48,10-Apr-2022,sana.qureshi@example.com,1.6
18,Ali Raza,22.0,Peshawar,sales,77688.58,2022-06-26,ali.raza@example.com,4.2
94,Omar Butt,29.0,Islamabad,Support,68643.06,2022-06-14,OMAR.BUTT@EXAMPLE.COM,2.0
117,Mariam Awan,42.0,peshawar,Support,75420.08,05-03-2021,mariam.awan@example.com,2.3
257,Omar Khan,,Pindi,Support,68809.07,2022-12-06,omar.khan@example.com,1.1
107,Bilal Javed,30.0,Pindi,Sales,86766.34,2020-10-11,bilal.javed@example.com,4.8
188,Noor Khan,43.0,FSD,Sales,48807.01,02-09-2021,noor.khan@example.com,3.3
163,Ali Malik,44.0,KARACHI,HR,76481.9,08-01-2022,ali.malik@example.com,2.6
135,Noor Dar,37.0,lahore,Support,66975.59,2020-05-16,noor.dar@example.com,1.9
260,Fatima Chaudhry,42.0,Multan,Finance,,2022-01-30,fatima.chaudhry@example.com,2.1
191,Tariq Shah,27.0,Islamabad,Marketing,57720.18,08-06-2021,tariq.shah@example.com,1.7
65,Sana Javed,39.0,Peshawar,Support,83255.62,03-24-2021,sana.javed@example.com,3.6
27,Omar Shah,11.0,multan,Marketing,91438.05,09-Apr-2024,omar.shah@example.com,1.1
232,Ali Mirza,52.0,faisalabad,Marketing,85479.05,09-11-2021,ALI.MIRZA@EXAMPLE.COM,2.6
170,Kamran Shah,28.0,islamabad,Marketing,65486.57,12-27-2022,kamran.shah@example.com,1.2
181,Usman Farooq,19.0,karachi,Engineering,79069.27,2022-07-23,usman.farooq@example.com,2.1
101,Bilal Ansari,28.0,Isl'abad,HR,77614.81,22/05/2021,bilal.ansari@example.com,2.5
198,Zara Farooq,34.0,lahore,Marketing,20180.9,04-28-2022,zara.farooq@example.com,2.0
210,Sara Qureshi,29.0,Pindi,Engineering,93952.34,2024-01-23,sara.qureshi@example.com,4.3
136,Sara Butt,32.0,Multan,Support,94670.09,04-30-2020,sara.butt@example.com,5.0
274,Tariq Shah,29.0,Rawalpindi,Finance,78971.17,04-16-2021,tariq.shah@example.com,3.4
124,Fatima Ansari,15.0,quetta,Sales,110408.63,03/07/2019,fatima.ansari@example.com,4.6
186,Bilal Awan,50.0,Peshawar,Sales,95290.65,22-May-2019,bilal.awan@example.com,4.0
199,Hina Awan,34.0,Isl'abad,Finance,56913.67,2021-10-01,hina.awan@example.com,2.2
118,Sana Farooq,30.0,FSD,HR,92079.49,,sana.farooq@example.com,11.5
167,Mariam Ali,21.0,Multan,HR,88393.45,2019-08-20,mariam.ali@example.com,1.3
244,Danish Baig,,islamabad,HR,78100.73,19/05/2023,danish.baig@example.com,1.8
137,Ali Ali,32.0,Isl'abad,Support,59539.8,05-29-2023,ali.ali@example.com,4.9
30,Tariq Raza,25.0,rawalpindi,Sales,89874.23,24/03/2020,tariq.raza@example.com,1.3
80,Sara Khan,34.0,faisalabad,sales,80144.15,10-Mar-2023,sara.khan@example.com,4.7
205,Zara Iqbal,,Quetta,Sales,3146015.0,15-Dec-2019,zara.iqbal@example.com,4.8
141,Danish Rana,25.0,peshawar,Support,63012.15,09-16-2023,danish.rana@example.com,2.9
158,Noor Rana,23.0,LAHORE,Sales,69618.11,09-08-2022,noor.rana@example.com,1.1
132,Tariq Malik,29.0,Lahore ,Sales,74908.74,2021-08-24,tariq.malik@example.com,2.9
40,Danish Butt,24.0,Rawalpindi,Finance,103079.17,10-Aug-2021,danish.butt@example.com,4.9
179,Faisal Shah,36.0,faisalabad,Engineering,,28-Sep-2019,faisal.shah@example.com,3.0
206,Omar Dar,35.0,Quetta,Sales,106602.68,25/02/2020,omar.dar@example.com,4.4
216,Kamran Iqbal,36.0,karachi,finance,99946.54,30/01/2020,kamran.iqbal@example.com,3.1
240,Sana Baig,23.0,Peshawar,Sales,4266669.5,2019-01-01,sana.baig@example.com,4.8
247,Hina Rana,41.0,quetta,HR,33532.2,,hina.rana@example.com,1.6
55,Sana Sheikh,33.0,faisalabad,Marketing,101142.86,19-Jul-2020,sana.sheikh@example.com,11.5
243,Ali Dar,32.0,Faisalabad,Marketing,74517.5,09-Aug-2019,ali.dar@example.com,1.8
201,Hina Qureshi,26.0,karachi,Support,75947.97,08-22-2022,hina.qureshi@example.com,2.3
44,Iqra Iqbal,34.0,Faisalabad,Finance,74852.4,25/07/2019,iqra.iqbal@example.com,2.0
272,Usman Shah,23.0,lahore,Finance,85205.93,2021-09-01,usman.shah@example.com,4.7
49,Tariq Raza,32.0,Rawalpindi,Sales,64930.49,06-12-2023,tariq.raza@example.com,3.7
36,Hamza Baig,42.0,peshawar,Engineering,69160.95,2021-08-21,hamza.baig@example.com,4.4
60,Danish Iqbal,33.0,Multan,Marketing,91948.03,23/04/2021,danish.iqbal@example.com,1.0
144,Sara Khan,36.0,Rawalpindi,Finance,,04-May-2019,SARA.KHAN@EXAMPLE.COM,1.7
54,Ayesha Khan,29.0,FSD,Sales,86122.44,29/08/2019,ayesha.khan@example.com,3.6
21,Usman Farooq,25.0,Isl'abad,Support,68815.75,2022-01-22,usman.farooq@example.com,4.5
125,Fatima Ansari,25.0,Islamabad,Engineering,68572.28,01-19-2019,fatima.ansari@example.com,1.6
143,Sana Sheikh,34.0,Quetta,Marketing,112523.42,2022-01-15,sana.sheikh@example.com,2.2
111,Sana Chaudhry,38.0,rawalpindi,HR,87592.58,27/05/2022,sana.chaudhry@example.com,2.1
281,Hina Farooq,31.0,FSD,Marketing,,2019-08-07,hina.farooq@example.com,3.8
108,Iqra Awan,28.0,Islamabad,Marketing,79151.97,11-28-2019,iqra.awan@example.com,2.3
13,Sana Ansari,38.0,Faisalabad,Support,50583.13,2022-08-31,sana.ansari@example.com,2.2
48,Fatima Chaudhry,,Isl'abad,engineering,93463.25,08-13-2020,fatima.chaudhry@example.com,1.7
204,Ali Shah,17.0,Lahore,HR,54347.42,20-Dec-2020,ali.shah@example.com,4.7
275,Ayesha Mirza,27.0,Lahore ,Marketing,46866.78,04-13-2022,ayesha.mirza@example.com,2.2
120,Faisal Hussain,47.0,islamabad,Support,96304.54,07-04-2023,faisal.hussain@example.com,2.8
22,Mariam Siddiqui,19.0,LAHORE,HR,96992.94,15/03/2023,mariam.siddiqui@example.com,1.3
84,Sana Baig,33.0,quetta,HR,57881.42,06-19-2023,sana.baig@example.com,1.1
131,Tariq Sheikh,34.0,KARACHI,Finance,104507.12,08-04-2021,tariq.sheikh@example.com,2.7
230,Sara Qureshi,,Multan,Sales,77001.91,03-May-2021,sara.qureshi@example.com,4.7
59,Iqra Qureshi,,peshawar,Engineering,81928.96,2023-03-10,iqra.qureshi@example.com,3.6
124,Fatima Ansari,15.0,quetta,Sales,110408.63,03/07/2019,fatima.ansari@example.com,4.6
34,Tariq Qureshi,42.0,Quetta,HR,78511.07,13/02/2023,tariq.qureshi@example.com,4.6
5,Faisal Farooq,33.0,FSD,Engineering,36734.4,16/05/2019,faisal.farooq@example.com,2.7
20,Ayesha Rana,36.0,islamabad,Engineering,92754.97,2020-05-29,ayesha.rana@example.com,11.5
220,Danish Javed,29.0,Pindi,Engineering,91582.77,05-01-2022,danish.javed@example.com,4.3
,,,,,,,,
150,Bilal Hussain,-5.0,rawalpindi,Finance,81046.97,03/06/2021,bilal.hussain@example.com,5.0
225,Kamran Javed,17.0,Rawalpindi,Finance,104920.89,26/07/2021,kamran.javed@example.com,2.8
248,Fatima Javed,34.0,Multan,Sales,69903.57,2021-07-15,fatima.javed@example.com,4.8
286,Sana Iqbal,40.0,multan,HR,77392.11,03-08-2019,sana.iqbal@example.com,3.9
152,Bilal Iqbal,29.0,rawalpindi,Finance,43017.53,05-09-2022,BILAL.IQBAL@EXAMPLE.COM,1.5
234,Mariam Siddiqui,38.0,peshawar,Marketing,,12-16-2019,mariam.siddiqui@example.com,4.7
11,Hamza Rana,27.0,FSD,Finance,112045.56,22/05/2020,HAMZA.RANA@EXAMPLE.COM,1.5
280,Fatima Malik,18.0,multan,Support,94742.44,2024-02-26,fatima.malik@example.com,4.1
72,Ayesha Baig,31.0,FSD,HR,89806.82,2019-03-05,ayesha.baig@example.com,4.9
253,Omar Hussain,27.0,peshawar,support,84787.49,10-01-2022,omar.hussain@example.com,3.6
93,Usman Ansari,36.0,Karachi,HR,92315.1,27-Apr-2020,,2.6
193,Zara Shah,30.0,Quetta,Marketing,2842436.5,14-Aug-2023,zara.shah@example.com,4.9
258,Amna Malik,18.0,multan,Marketing,110293.74,03-11-2021,amna.malik@example.com,4.6
148,Ali Ali,34.0,KARACHI,engineering,,29/02/2020,ali.ali@example.com,2.9
196,Bilal Farooq,48.0,Rawalpindi,Finance,107392.24,02-22-2021,bilal.farooq@example.com,2.1
138,Iqra Sheikh,50.0,Faisalabad,Finance,83124.53,03/05/2021,iqra.sheikh@example.com,3.8
261,Sana Hussain,21.0,Peshawar,Marketing,110095.88,07-11-2021,sana.hussain@example.com,3.2
39,Mariam Dar,30.0,KARACHI,Finance,83081.02,26-Jan-2019,mariam.dar@example.com,3.1
202,Hina Chaudhry,27.0,islamabad,Support,90205.02,2021-03-12,hina.chaudhry@example.com,3.7
291,Ayesha Siddiqui,23.0,FSD,Engineering,96063.06,11-Nov-2021,ayesha.siddiqui@example.com,4.7
190,Tariq Awan,28.0,Lahore ,HR,62480.14,02-15-2023,tariq.awan@example.com,1.6
252,Tariq Rana,26.0,Peshawar,Sales,60433.7,23-Nov-2019,tariq.rana@example.com,3.7
113,Omar Awan,31.0,Peshawar,Engineering,77346.55,04-Jul-2019,omar.awan@example.com,2.5
184,Sana Baig,33.0,Peshawar,Sales,93211.28,2022-10-12,sana.baig@example.com,3.7
153,Iqra Chaudhry,32.0,Isl'abad,Sales,85288.78,19-Jul-2020,iqra.chaudhry@example.com,1.9
192,Amna Ali,11.0,faisalabad,Sales,88692.84,,amna.ali@example.com,4.9
45,Usman Farooq,41.0,Lahore,HR,90038.66,01-26-2019,usman.farooq@example.com,2.0
276,Faisal Raza,42.0,Pindi,Engineering,57324.44,03-29-2022,faisal.raza@example.com,2.2
7,Sara Shah,24.0,Isl'abad,Finance,46753.93,12-19-2021,,2.8
251,Ali Butt,,Isl'abad,Sales,100431.1,2020-10-22,ali.butt@example.com,1.1
76,Noor Ali,33.0,multan,Marketing,58821.26,12-18-2020,noor.ali@example.com,5.0
1,Ayesha Khan,35.0,Multan,Sales,72234.71,2019-03-07,ayesha.khan@example.com,3.9
69,Hina Ali,32.0,rawalpindi,Support,104070.68,2022-08-02,hina.ali@example.com,3.3
168,Sara Baig,23.0,faisalabad,Sales,84753.47,2020-12-14,sara.baig@example.com,2.4
219,Ahmed Sheikh,32.0,Isl'abad,Engineering,65446.85,12-23-2022,ahmed.sheikh@example.com,4.0
43,Zara Javed,30.0,peshawar,Engineering,81030.95,07-08-2020,zara.javed@example.com,1.6
73,Danish Malik,25.0,karachi,Finance,44703.06,02-19-2021,danish.malik@example.com,4.4
24,Zara Raza,38.0,quetta,Marketing,,2020-07-24,zara.raza@example.com,2.9
186,Bilal Awan,50.0,Peshawar,Sales,95290.65,22-May-2019,bilal.awan@example.com,4.0
104,Faisal Hussain,,Multan,Finance,76217.93,05-07-2023,faisal.hussain@example.com,3.3
212,Omar Malik,40.0,karachi,Sales,58129.1,30-Jun-2022,omar.malik@example.com,3.0
68,Usman Ansari,39.0,karachi,Marketing,70208.11,30/04/2024,usman.ansari@example.com,3.5
26,Faisal Awan,43.0,faisalabad,Support,81763.63,28/02/2023,faisal.awan@example.com,3.0
197,Omar Qureshi,999.0,Multan,Sales,86411.97,08-24-2021,omar.qureshi@example.com,2.3
176,Hina Javed,26.0,islamabad,Marketing,86590.09,2022-02-27,hina.javed@example.com,1.8
